{"cameraMode":{"drawMode":0,"name":"Shaded","section":"Shading Mode"},"sceneLighting":true,"audioPlay":false,"sceneViewState":{"showFog":true,"showMaterialUpdate":true,"showSkybox":true,"showFlares":true,"showImageEffects":true,"showParticleSystems":true},"in2DMode":false,"pivot":{"x":68.49632263183594,"y":16.86667251586914,"z":220.55435180664063},"rotation":{"x":-0.22041726112365724,"y":-0.0847645029425621,"z":0.02508431114256382,"w":-0.9718840718269348},"size":117.11576080322266,"orthographic":false}