{"cameraMode":{"drawMode":0,"name":"Shaded","section":"Shading Mode"},"sceneLighting":true,"audioPlay":false,"sceneViewState":{"showFog":true,"showMaterialUpdate":true,"showSkybox":true,"showFlares":true,"showImageEffects":true,"showParticleSystems":true},"in2DMode":false,"pivot":{"x":73.93560791015625,"y":-30.096599578857423,"z":139.34982299804688},"rotation":{"x":0.3499458134174347,"y":0.1851312667131424,"z":-0.07593777775764466,"w":0.91563880443573},"size":165.13388061523438,"orthographic":false}