{"cameraMode":{"drawMode":0,"name":"Shaded","section":"Shading Mode"},"sceneLighting":true,"audioPlay":false,"sceneViewState":{"showFog":true,"showMaterialUpdate":true,"showSkybox":true,"showFlares":true,"showImageEffects":true,"showParticleSystems":true},"in2DMode":false,"pivot":{"x":63.18608856201172,"y":-26.804466247558595,"z":176.71031188964845},"rotation":{"x":0.6000845432281494,"y":0.13343115150928498,"z":-0.10879002511501312,"w":0.7817891836166382},"size":159.23605346679688,"orthographic":false}