{"cameraMode":{"drawMode":0,"name":"Shaded","section":"Shading Mode"},"sceneLighting":true,"audioPlay":false,"sceneViewState":{"showFog":true,"showMaterialUpdate":false,"showSkybox":true,"showFlares":true,"showImageEffects":true,"showParticleSystems":true},"in2DMode":false,"pivot":{"x":365.1295471191406,"y":318.54998779296877,"z":30.4752197265625},"rotation":{"x":0.056383829563856128,"y":-0.0005591203225776553,"z":0.000027330543161951937,"w":0.9984485507011414},"size":397.3558349609375,"orthographic":false}