{"cameraMode":{"drawMode":0,"name":"Shaded","section":"Shading Mode"},"sceneLighting":true,"audioPlay":false,"sceneViewState":{"showFog":true,"showMaterialUpdate":false,"showSkybox":true,"showFlares":true,"showImageEffects":true,"showParticleSystems":true},"in2DMode":false,"pivot":{"x":79.78504180908203,"y":12.874565124511719,"z":77.31156158447266},"rotation":{"x":-0.7064654231071472,"y":-0.15042288601398469,"z":0.15979105234146119,"w":-0.6733134388923645},"size":77.30213928222656,"orthographic":false}