{"cameraMode":{"drawMode":0,"name":"Shaded","section":"Shading Mode"},"sceneLighting":true,"audioPlay":false,"sceneViewState":{"showFog":true,"showMaterialUpdate":false,"showSkybox":true,"showFlares":true,"showImageEffects":true,"showParticleSystems":true},"in2DMode":false,"pivot":{"x":50.27510070800781,"y":3.8487308025360109,"z":82.63774108886719},"rotation":{"x":0.1988087296485901,"y":0.01641564629971981,"z":-0.0033106000628322365,"w":0.9801667332649231},"size":9.230228424072266,"orthographic":false}