{"cameraMode":{"drawMode":0,"name":"Shaded","section":"Shading Mode"},"sceneLighting":true,"audioPlay":false,"sceneViewState":{"showFog":true,"showMaterialUpdate":true,"showSkybox":true,"showFlares":true,"showImageEffects":true,"showParticleSystems":true},"in2DMode":false,"pivot":{"x":40.1324462890625,"y":-11.57781982421875,"z":97.64571380615235},"rotation":{"x":0.6001119017601013,"y":-0.029402412474155427,"z":0.015250136144459248,"w":0.7998116612434387},"size":166.0917510986328,"orthographic":false}