{"cameraMode":{"drawMode":0,"name":"Shaded","section":"Shading Mode"},"sceneLighting":true,"audioPlay":false,"sceneViewState":{"showFog":true,"showMaterialUpdate":true,"showSkybox":true,"showFlares":true,"showImageEffects":true,"showParticleSystems":true},"in2DMode":false,"pivot":{"x":82.53962707519531,"y":28.270187377929689,"z":181.90257263183595},"rotation":{"x":-0.4078977406024933,"y":-0.15244060754776,"z":0.0756099671125412,"w":-0.8975712656974793},"size":257.7032775878906,"orthographic":false}