{"cameraMode":{"drawMode":0,"name":"Shaded","section":"Shading Mode"},"sceneLighting":true,"audioPlay":false,"sceneViewState":{"showFog":true,"showMaterialUpdate":true,"showSkybox":true,"showFlares":true,"showImageEffects":true,"showParticleSystems":true},"in2DMode":false,"pivot":{"x":56.11860275268555,"y":16.93459701538086,"z":149.28448486328126},"rotation":{"x":-0.254736989736557,"y":-0.044784631580114368,"z":0.017677733674645425,"w":-0.9663125276565552},"size":78.70568084716797,"orthographic":false}