{"cameraMode":{"drawMode":0,"name":"Shaded","section":"Shading Mode"},"sceneLighting":true,"audioPlay":false,"sceneViewState":{"showFog":true,"showMaterialUpdate":true,"showSkybox":true,"showFlares":true,"showImageEffects":true,"showParticleSystems":true},"in2DMode":false,"pivot":{"x":62.15922546386719,"y":-24.186904907226564,"z":181.12896728515626},"rotation":{"x":0.5878774523735046,"y":-0.03658677265048027,"z":0.020478151738643647,"w":0.8084405660629273},"size":171.16232299804688,"orthographic":false}