{"cameraMode":{"drawMode":0,"name":"Shaded","section":"Shading Mode"},"sceneLighting":true,"audioPlay":false,"sceneViewState":{"showFog":true,"showMaterialUpdate":true,"showSkybox":true,"showFlares":true,"showImageEffects":true,"showParticleSystems":true},"in2DMode":false,"pivot":{"x":70.14701843261719,"y":10.504165649414063,"z":202.116943359375},"rotation":{"x":-0.4922163188457489,"y":-0.06263743340969086,"z":0.040834736078977588,"w":-0.8677470684051514},"size":134.86705017089845,"orthographic":false}