{"cameraMode":{"drawMode":0,"name":"Shaded","section":"Shading Mode"},"sceneLighting":true,"audioPlay":false,"sceneViewState":{"showFog":true,"showMaterialUpdate":true,"showSkybox":true,"showFlares":true,"showImageEffects":true,"showParticleSystems":true},"in2DMode":false,"pivot":{"x":45.604759216308597,"y":13.622812271118164,"z":75.7044906616211},"rotation":{"x":-0.3446250557899475,"y":-0.09065716713666916,"z":0.03953364118933678,"w":-0.934050977230072},"size":75.93692016601563,"orthographic":false}