{"cameraMode":{"drawMode":0,"name":"Shaded","section":"Shading Mode"},"sceneLighting":true,"audioPlay":false,"sceneViewState":{"showFog":true,"showMaterialUpdate":false,"showSkybox":true,"showFlares":true,"showImageEffects":true,"showParticleSystems":true},"in2DMode":false,"pivot":{"x":48.53548812866211,"y":6.0691986083984379,"z":74.21736145019531},"rotation":{"x":-0.4744339883327484,"y":-0.024928521364927293,"z":0.013618863187730313,"w":-0.8801045417785645},"size":3.740056276321411,"orthographic":false}