{"cameraMode":{"drawMode":0,"name":"Shaded","section":"Shading Mode"},"sceneLighting":true,"audioPlay":false,"sceneViewState":{"showFog":true,"showMaterialUpdate":true,"showSkybox":true,"showFlares":true,"showImageEffects":true,"showParticleSystems":true},"in2DMode":false,"pivot":{"x":52.708251953125,"y":-37.191810607910159,"z":95.94329833984375},"rotation":{"x":-0.5938878655433655,"y":0.04392017424106598,"z":-0.026930252090096475,"w":-0.8034230470657349},"size":111.70814514160156,"orthographic":false}