{"cameraMode":{"drawMode":0,"name":"Shaded","section":"Shading Mode"},"sceneLighting":true,"audioPlay":false,"sceneViewState":{"showFog":true,"showMaterialUpdate":true,"showSkybox":true,"showFlares":true,"showImageEffects":true,"showParticleSystems":true},"in2DMode":false,"pivot":{"x":44.895286560058597,"y":-15.383758544921875,"z":80.2497787475586},"rotation":{"x":0.653391420841217,"y":0.04770546406507492,"z":-0.04850087687373161,"w":0.7545730471611023},"size":127.54113006591797,"orthographic":false}