{"cameraMode":{"drawMode":0,"name":"Shaded","section":"Shading Mode"},"sceneLighting":true,"audioPlay":false,"sceneViewState":{"showFog":true,"showMaterialUpdate":true,"showSkybox":true,"showFlares":true,"showImageEffects":true,"showParticleSystems":true},"in2DMode":false,"pivot":{"x":55.973304748535159,"y":24.21043586730957,"z":76.19095611572266},"rotation":{"x":-0.2651265263557434,"y":-0.35988613963127139,"z":0.11391147971153259,"w":-0.887810468673706},"size":44.7688102722168,"orthographic":false}