{"cameraMode":{"drawMode":0,"name":"Shaded","section":"Shading Mode"},"sceneLighting":true,"audioPlay":false,"sceneViewState":{"showFog":true,"showMaterialUpdate":false,"showSkybox":true,"showFlares":true,"showImageEffects":true,"showParticleSystems":true},"in2DMode":false,"pivot":{"x":258.57666015625,"y":4.636143684387207,"z":246.2872314453125},"rotation":{"x":-0.0011712126433849335,"y":-0.9647555351257324,"z":0.26328057050704958,"w":-0.004289232660084963},"size":521.9048461914063,"orthographic":false}