{"cameraMode":{"drawMode":0,"name":"Shaded","section":"Shading Mode"},"sceneLighting":true,"audioPlay":false,"sceneViewState":{"showFog":true,"showMaterialUpdate":true,"showSkybox":true,"showFlares":true,"showImageEffects":true,"showParticleSystems":true},"in2DMode":false,"pivot":{"x":82.03457641601563,"y":1.6237564086914063,"z":98.11162567138672},"rotation":{"x":0.4431121349334717,"y":-0.08663927763700485,"z":0.03694766014814377,"w":0.8920378684997559},"size":106.97394561767578,"orthographic":false}