{"cameraMode":{"drawMode":0,"name":"Shaded","section":"Shading Mode"},"sceneLighting":true,"audioPlay":false,"sceneViewState":{"showFog":true,"showMaterialUpdate":true,"showSkybox":true,"showFlares":true,"showImageEffects":true,"showParticleSystems":true},"in2DMode":false,"pivot":{"x":48.66698455810547,"y":-23.23128890991211,"z":133.54347229003907},"rotation":{"x":0.2856678068637848,"y":-0.012670431286096573,"z":-0.001769413473084569,"w":0.9587346315383911},"size":80.04798126220703,"orthographic":false}