{"cameraMode":{"drawMode":0,"name":"Shaded","section":"Shading Mode"},"sceneLighting":true,"audioPlay":false,"sceneViewState":{"showFog":true,"showMaterialUpdate":false,"showSkybox":true,"showFlares":true,"showImageEffects":true,"showParticleSystems":true},"in2DMode":false,"pivot":{"x":48.76007843017578,"y":-2.9618167877197267,"z":98.69197082519531},"rotation":{"x":-0.3104804754257202,"y":-0.0007255644304677844,"z":0.0004195582296233624,"w":-0.950846791267395},"size":19.49116325378418,"orthographic":false}