{"cameraMode":{"drawMode":0,"name":"Shaded","section":"Shading Mode"},"sceneLighting":true,"audioPlay":false,"sceneViewState":{"showFog":true,"showMaterialUpdate":true,"showSkybox":true,"showFlares":true,"showImageEffects":true,"showParticleSystems":true},"in2DMode":false,"pivot":{"x":42.44546890258789,"y":-63.19725799560547,"z":131.34214782714845},"rotation":{"x":-0.5360325574874878,"y":0.03699685260653496,"z":-0.01804911345243454,"w":-0.843675434589386},"size":135.230712890625,"orthographic":false}