{"cameraMode":{"drawMode":0,"name":"Shaded","section":"Shading Mode"},"sceneLighting":true,"audioPlay":false,"sceneViewState":{"showFog":true,"showMaterialUpdate":true,"showSkybox":true,"showFlares":true,"showImageEffects":true,"showParticleSystems":true},"in2DMode":false,"pivot":{"x":42.85597229003906,"y":18.460540771484376,"z":162.30055236816407},"rotation":{"x":0.54173344373703,"y":-0.21180520951747895,"z":0.13671565055847169,"w":0.8024193644523621},"size":124.65399169921875,"orthographic":false}