{"cameraMode":{"drawMode":0,"name":"Shaded","section":"Shading Mode"},"sceneLighting":true,"audioPlay":false,"sceneViewState":{"showFog":true,"showMaterialUpdate":true,"showSkybox":true,"showFlares":true,"showImageEffects":true,"showParticleSystems":true},"in2DMode":false,"pivot":{"x":49.28628158569336,"y":18.057384490966798,"z":95.32271575927735},"rotation":{"x":0.45952796936035159,"y":-0.02428203634917736,"z":0.007642286363989115,"w":0.888233482837677},"size":70.76084899902344,"orthographic":false}