{"cameraMode":{"drawMode":0,"name":"Shaded","section":"Shading Mode"},"sceneLighting":true,"audioPlay":false,"sceneViewState":{"showFog":true,"showMaterialUpdate":true,"showSkybox":true,"showFlares":true,"showImageEffects":true,"showParticleSystems":true},"in2DMode":false,"pivot":{"x":51.08974838256836,"y":7.816864013671875,"z":174.181396484375},"rotation":{"x":-0.47152242064476015,"y":-0.46935802698135378,"z":0.3396941125392914,"w":-0.6654455065727234},"size":154.37025451660157,"orthographic":false}