{"cameraMode":{"drawMode":0,"name":"Shaded","section":"Shading Mode"},"sceneLighting":true,"audioPlay":false,"sceneViewState":{"showFog":true,"showMaterialUpdate":false,"showSkybox":true,"showFlares":true,"showImageEffects":true,"showParticleSystems":true},"in2DMode":false,"pivot":{"x":51.0524787902832,"y":9.578105926513672,"z":80.53714752197266},"rotation":{"x":-0.05938653275370598,"y":0.018405267968773843,"z":-0.0008176668197847903,"w":-0.9982867240905762},"size":5.774631023406982,"orthographic":false}