{"cameraMode":{"drawMode":0,"name":"Shaded","section":"Shading Mode"},"sceneLighting":true,"audioPlay":false,"sceneViewState":{"showFog":true,"showMaterialUpdate":true,"showSkybox":true,"showFlares":true,"showImageEffects":true,"showParticleSystems":true},"in2DMode":false,"pivot":{"x":59.0407600402832,"y":-4.519462585449219,"z":125.35840606689453},"rotation":{"x":-0.3195156455039978,"y":-0.16597069799900056,"z":0.0630837082862854,"w":-0.9313206076622009},"size":141.09303283691407,"orthographic":false}