{"cameraMode":{"drawMode":0,"name":"Shaded","section":"Shading Mode"},"sceneLighting":true,"audioPlay":false,"sceneViewState":{"showFog":true,"showMaterialUpdate":true,"showSkybox":true,"showFlares":true,"showImageEffects":true,"showParticleSystems":true},"in2DMode":false,"pivot":{"x":107.14749145507813,"y":-22.598167419433595,"z":160.48541259765626},"rotation":{"x":0.31885579228401186,"y":0.19583572447299958,"z":-0.07292521744966507,"w":0.9249907732009888},"size":218.84310913085938,"orthographic":false}