{"cameraMode":{"drawMode":0,"name":"Shaded","section":"Shading Mode"},"sceneLighting":true,"audioPlay":false,"sceneViewState":{"showFog":true,"showMaterialUpdate":true,"showSkybox":true,"showFlares":true,"showImageEffects":true,"showParticleSystems":true},"in2DMode":false,"pivot":{"x":245.3968963623047,"y":108.4537353515625,"z":119.77107238769531},"rotation":{"x":-0.5144246816635132,"y":0.013347026892006398,"z":-0.0013982995878905058,"w":-0.8580058813095093},"size":235.4971160888672,"orthographic":false}