{"cameraMode":{"drawMode":0,"name":"Shaded","section":"Shading Mode"},"sceneLighting":true,"audioPlay":false,"sceneViewState":{"showFog":true,"showMaterialUpdate":true,"showSkybox":true,"showFlares":true,"showImageEffects":true,"showParticleSystems":true},"in2DMode":false,"pivot":{"x":59.519805908203128,"y":-5.2193145751953129,"z":119.12655639648438},"rotation":{"x":-0.393091082572937,"y":-0.18315182626247407,"z":0.08661993592977524,"w":-0.8974446654319763},"size":162.0884552001953,"orthographic":false}