{"cameraMode":{"drawMode":0,"name":"Shaded","section":"Shading Mode"},"sceneLighting":true,"audioPlay":false,"sceneViewState":{"showFog":true,"showMaterialUpdate":false,"showSkybox":true,"showFlares":true,"showImageEffects":true,"showParticleSystems":true},"in2DMode":false,"pivot":{"x":79.14566802978516,"y":-3.8707218170166017,"z":28.031028747558595},"rotation":{"x":0.08554954081773758,"y":0.903880774974823,"z":-0.22375799715518952,"w":0.3553273379802704},"size":100.82426452636719,"orthographic":false}