{"cameraMode":{"drawMode":0,"name":"Shaded","section":"Shading Mode"},"sceneLighting":true,"audioPlay":false,"sceneViewState":{"showFog":true,"showMaterialUpdate":true,"showSkybox":true,"showFlares":true,"showImageEffects":true,"showParticleSystems":true},"in2DMode":false,"pivot":{"x":57.94852828979492,"y":-19.93653106689453,"z":103.30936431884766},"rotation":{"x":-0.564391016960144,"y":-0.1538938730955124,"z":0.11526895314455033,"w":-0.8034067749977112},"size":89.81625366210938,"orthographic":false}