{"cameraMode":{"drawMode":0,"name":"Shaded","section":"Shading Mode"},"sceneLighting":true,"audioPlay":false,"sceneViewState":{"showFog":true,"showMaterialUpdate":true,"showSkybox":true,"showFlares":true,"showImageEffects":true,"showParticleSystems":true},"in2DMode":false,"pivot":{"x":1.4059791564941407,"y":2.868541717529297,"z":128.03872680664063},"rotation":{"x":0.13560640811920167,"y":-0.3338940739631653,"z":0.04282188042998314,"w":0.9323272109031677},"size":81.52174377441406,"orthographic":false}