{"cameraMode":{"drawMode":0,"name":"Shaded","section":"Shading Mode"},"sceneLighting":true,"audioPlay":false,"sceneViewState":{"showFog":true,"showMaterialUpdate":true,"showSkybox":true,"showFlares":true,"showImageEffects":true,"showParticleSystems":true},"in2DMode":false,"pivot":{"x":69.38056182861328,"y":12.710769653320313,"z":137.99778747558595},"rotation":{"x":0.5974228978157044,"y":0.20431102812290193,"z":-0.16767968237400056,"w":0.757718026638031},"size":292.06866455078127,"orthographic":false}