{"cameraMode":{"drawMode":0,"name":"Shaded","section":"Shading Mode"},"sceneLighting":true,"audioPlay":false,"sceneViewState":{"showFog":true,"showMaterialUpdate":false,"showSkybox":true,"showFlares":true,"showImageEffects":true,"showParticleSystems":true},"in2DMode":false,"pivot":{"x":81.2398910522461,"y":-0.408050537109375,"z":103.82716369628906},"rotation":{"x":0.34283822774887087,"y":0.3784700036048889,"z":-0.15545877814292909,"w":0.8459793925285339},"size":126.25298309326172,"orthographic":false}