{"cameraMode":{"drawMode":0,"name":"Shaded","section":"Shading Mode"},"sceneLighting":true,"audioPlay":false,"sceneViewState":{"showFog":true,"showMaterialUpdate":false,"showSkybox":true,"showFlares":true,"showImageEffects":true,"showParticleSystems":true},"in2DMode":false,"pivot":{"x":369.77490234375,"y":222.549560546875,"z":28.59521484375},"rotation":{"x":0.0018111083190888167,"y":-0.0000028267786547075959,"z":3.0601748335357117e-7,"w":0.9999983906745911},"size":457.8734436035156,"orthographic":false}