{"cameraMode":{"drawMode":0,"name":"Shaded","section":"Shading Mode"},"sceneLighting":true,"audioPlay":false,"sceneViewState":{"showFog":true,"showMaterialUpdate":true,"showSkybox":true,"showFlares":true,"showImageEffects":true,"showParticleSystems":true},"in2DMode":false,"pivot":{"x":47.1014518737793,"y":-5.860126495361328,"z":261.6805419921875},"rotation":{"x":-0.06034476310014725,"y":0.011235114187002182,"z":0.00323090679012239,"w":-0.9984617233276367},"size":199.030517578125,"orthographic":false}