{"cameraMode":{"drawMode":0,"name":"Shaded","section":"Shading Mode"},"sceneLighting":true,"audioPlay":false,"sceneViewState":{"showFog":true,"showMaterialUpdate":true,"showSkybox":true,"showFlares":true,"showImageEffects":true,"showParticleSystems":true},"in2DMode":false,"pivot":{"x":107.55355834960938,"y":18.62317657470703,"z":92.09288024902344},"rotation":{"x":0.24454659223556519,"y":0.4501592516899109,"z":-0.13620658218860627,"w":0.8485012054443359},"size":11.741827011108399,"orthographic":false}