{"cameraMode":{"drawMode":0,"name":"Shaded","section":"Shading Mode"},"sceneLighting":true,"audioPlay":false,"sceneViewState":{"showFog":true,"showMaterialUpdate":true,"showSkybox":true,"showFlares":true,"showImageEffects":true,"showParticleSystems":true},"in2DMode":false,"pivot":{"x":51.842201232910159,"y":7.9439849853515629,"z":72.78052520751953},"rotation":{"x":0.6067307591438294,"y":0.171168714761734,"z":-0.14166246354579926,"w":0.7637320756912231},"size":77.41029357910156,"orthographic":false}